channelTitle,channelId
Girls Planet,UC-IYpdOqjkER7B6cnChwlhA
소녀의행성 Girlsplanet,UC-IYpdOqjkER7B6cnChwlhA
우와한 비디오,UC0PsUG07plnP_uQQS9djFVQ
우와한비디오,UC0PsUG07plnP_uQQS9djFVQ
"바디프랜드컴퍼니 (안마의자,천연라텍스,정수기)",UC2KUewlF-PdkGukAOI-sTqw
바디프랜드,UC2KUewlF-PdkGukAOI-sTqw
다키포스트DAKI POST,UC2PSaEnLp6pyqFCvYvhrZmw
다키포스트DAKIPOST,UC2PSaEnLp6pyqFCvYvhrZmw
HYBE LABELS,UC3IZKseVpdzPSBaWxBxundA
Big Hit Labels,UC3IZKseVpdzPSBaWxBxundA
KBS 다큐,UC4LW3sOslC14Vn5bcoNUBkg
KBS 다큐 [KBS Documentary],UC4LW3sOslC14Vn5bcoNUBkg
강호동의 밥심,UC4nEQI74rZkFKlUSwi0ur4A
SBS TALK PLUS,UC4nEQI74rZkFKlUSwi0ur4A
병맛교수,UC5RIONX9G_2zb_x4SRJgBbQ
병맛교수 Gyosu Animation,UC5RIONX9G_2zb_x4SRJgBbQ
차봤서영 ,UC5b2_GAScxz4guty7rv4Ulg
차봤서영 CAReer Woman,UC5b2_GAScxz4guty7rv4Ulg
LunLuns TokyoLog,UC6lNIbU1SSA9YjveOx9a_oA
LunLuns,UC6lNIbU1SSA9YjveOx9a_oA
Warnerbros Korea,UC8AD5KHdsFzp8qoJvS4YSYg
Warner Bros. Korea,UC8AD5KHdsFzp8qoJvS4YSYg
MBC 미스터리 : 심야괴담회 x 서프라이즈,UC8OUSYm-ztRAT6EE6VHPpGw
MBC 미스터리 : 심야괴담회 X 서프라이즈,UC8OUSYm-ztRAT6EE6VHPpGw
해수인tv BADA,UC98TOxKQk4aLcx0EjIK0LkQ
해수인tv Hesuin,UC98TOxKQk4aLcx0EjIK0LkQ
해수인tv,UC98TOxKQk4aLcx0EjIK0LkQ
NamSeok Byun,UC9mpnu1x96y7utLpnYyU6kw
Rocky Byun,UC9mpnu1x96y7utLpnYyU6kw
tvN drama,UC9w-h_ciMmX64TcLRcb1xPg
tvN DRAMA,UC9w-h_ciMmX64TcLRcb1xPg
머니올라,UCAySceX4rbSr408F1dUpuUw
머니올라_KBS,UCAySceX4rbSr408F1dUpuUw
침착맨 더보기,UCC1LvVTX2ySKYjeIXkAtvsQ
짤착맨,UCC1LvVTX2ySKYjeIXkAtvsQ
CLAB 걸즈,UCDih-87kuRMA8uFcrx10Wlw
딩글 Dinggle,UCDih-87kuRMA8uFcrx10Wlw
깽냥툰 KY'T,UCEqMMsgBKhJXoeTX8buLm7g
꼬냥툰 Ver.2,UCEqMMsgBKhJXoeTX8buLm7g
천뚱 1000ddoong,UCF8W68PS2Ltz17lTDSptDvg
천뚱TV,UCF8W68PS2Ltz17lTDSptDvg
가니가니 - 차린이 차량설명서,UCGv8eaHcDr4mRsL-bSFzGjg
가니가니 - 슬기로운 차량설명서,UCGv8eaHcDr4mRsL-bSFzGjg
News1 눈TV,UCHBvfByzuzamrZiL398jopQ
뉴스1TV,UCHBvfByzuzamrZiL398jopQ
하승진 HASEUNGJIN,UCINRJxfiq8pXfQm1EucWFfw
하승진,UCINRJxfiq8pXfQm1EucWFfw
완전 백지영 Real Baek Z Young,UCIn1p2ZbhOo8fyZp1S60uGg
백지영 Baek Z Young,UCIn1p2ZbhOo8fyZp1S60uGg
김형준의 베이스볼큐브,UCKHLAo7XoeP5s2GhCC75uGA
김형준의 야구야구,UCKHLAo7XoeP5s2GhCC75uGA
KIA타이거즈 TV,UCKp8knO8a6tSI1oaLjfd9XA
갸티비 by KIA타이거즈,UCKp8knO8a6tSI1oaLjfd9XA
엔스크린 nscreen,UCLynj-ec93et1z_SU0PM6_A
NSCREEN,UCLynj-ec93et1z_SU0PM6_A
승비니 Seungbini,UCPhHBEtG6dVZ5fJKoNArcJw
승비니,UCPhHBEtG6dVZ5fJKoNArcJw
박문성 '달수네라이브' dalsulive,UCRDowcnvz5ZVh-3NVAdfiqg
박문성 '달수네라이브',UCRDowcnvz5ZVh-3NVAdfiqg
햇도시락,UCSiGNrrL2lAc0-_MfcUUUHA
햇도시락HDSR,UCSiGNrrL2lAc0-_MfcUUUHA
게렌의 게임극장,UCUEX0L7GHPs95m8S7G6kWVA
게렌의 자유채널,UCUEX0L7GHPs95m8S7G6kWVA
COSMOPOLITAN Korea,UCVWr5QkOkYupX6fEELMNvuQ
CosmopolitanKorea,UCVWr5QkOkYupX6fEELMNvuQ
소니픽쳐스코리아,UCY2wHBgv2W30w6lqoLxq99g
sonypictureskr,UCY2wHBgv2W30w6lqoLxq99g
TVCHOSUN JOY,UCYeeEwH_s9yD9HQe4e2JuBw
TV CHOSUN JOY,UCYeeEwH_s9yD9HQe4e2JuBw
채널A,UCaZS_XwAu1yBMNoQDD1mR7g
채널A Home,UCaZS_XwAu1yBMNoQDD1mR7g
UPSub없섭,UCdpbqw5DPdBfaeByMF2Re0g
UPSub 없섭,UCdpbqw5DPdBfaeByMF2Re0g
DICON,UCed3O-T9sAYz3ICY7IHtZuA
Deaser,UCed3O-T9sAYz3ICY7IHtZuA
캡틴 파추호 Captain PaChuHO,UCefN2fe9ZDj16yTHM9dgaXA
캡틴 파추호Captain PaChuHo,UCefN2fe9ZDj16yTHM9dgaXA
Mnet Official,UCepUWUpH45hRTi-QePdq1Bg
Mnet TV,UCepUWUpH45hRTi-QePdq1Bg
초아시티ChoaCity크레용팝초아,UCg8U-ZpbO8V4kpAlZjqtVqg
초아시티ChoaCity,UCg8U-ZpbO8V4kpAlZjqtVqg
THE BOB - 더 밥 스튜디오,UCgiO7Kxib0SZEG0DoeuBkdQ
최자로드-CHOIZAROAD,UCgiO7Kxib0SZEG0DoeuBkdQ
지켜츄 Chuu Can Do It,UChK2DhvPSG3sY0jIYYngVBA
지구를 지켜츄 Chuu Can Do It,UChK2DhvPSG3sY0jIYYngVBA
안정환 19,UChg51lDUTR_8zWeNewdxaNw
안정환FC,UChg51lDUTR_8zWeNewdxaNw
스튜디오 플래닛 - STUDIO PLANET,UCiBKp3KgsQCYT9Z2XxdBpbQ
겟TV,UCiBKp3KgsQCYT9Z2XxdBpbQ
Netflix Korea 넷플릭스 코리아,UCiEEF51uRAeZeCo8CJFhGWw
Netflix Korea,UCiEEF51uRAeZeCo8CJFhGWw
W Korea 더블유 코리아,UCjO3ji06DxmTM1RrzLVwmkA
W KOREA,UCjO3ji06DxmTM1RrzLVwmkA
유이뿅YUIPYON,UCk5bhZYNtbPJyNLRxN8D8NQ
YUIPYON  유이뿅,UCk5bhZYNtbPJyNLRxN8D8NQ
"어바웃펫, 어쩌다 마주친 그 개",UCkjk77yUtLnuSalpGrlrG2Q
어바웃펫 x SBS tv동물농장,UCkjk77yUtLnuSalpGrlrG2Q
GS25 [이리오너라],UCl0HemfAt7dShJRf59_cuGQ
이리오너라,UCl0HemfAt7dShJRf59_cuGQ
성시경,UCl23-Cci_SMqyGXE1T_LYUg
성시경 SUNG SI KYUNG,UCl23-Cci_SMqyGXE1T_LYUg
블럭도사꾸삐,UCmA7038F43v888Q82sNTNCw
블럭도사꾸삐 KUPI,UCmA7038F43v888Q82sNTNCw
오락실 팡 Arcade Pang,UCmgt7ewcg_HscfA4ks7rGhg
아빠 안 잔다 After_zzZ,UCmgt7ewcg_HscfA4ks7rGhg
배틀그라운드 – PUBG: BATTLEGROUNDS Korea,UCms8Ge7H1ZGgw6nV94fUhUQ
배틀그라운드 – PLAYERUNKNOWN'S BATTLEGROUNDS,UCms8Ge7H1ZGgw6nV94fUhUQ
집나간아들 Runaway Son,UCn64fSqF2l4rkkjtQUpku2A
집나간아들,UCn64fSqF2l4rkkjtQUpku2A
박종훈의 경제한방,UCn_38aaCktkBLPv3EtfmiUA
박종훈의 경제한방 KBS,UCn_38aaCktkBLPv3EtfmiUA
SBS ENTER PLAY,UCnx4Fi4cmkLGDiFfZ311wWw
스브스 예능맛집,UCnx4Fi4cmkLGDiFfZ311wWw
루디고 RUDYGO,UCqHP70746lwBPFp30_wl5gQ
루디고GO,UCqHP70746lwBPFp30_wl5gQ
deemd 딤디,UCrFlv9c4LItVlIMCC2p6LOg
deemd,UCrFlv9c4LItVlIMCC2p6LOg
나는 빡빡이다,UCs8R3nVeg0E100H6C8qozgw
팩토리,UCs8R3nVeg0E100H6C8qozgw
SSG LANDERS,UCt8iRtgjVqm5rJHNl1TUojg
SSG랜더스,UCt8iRtgjVqm5rJHNl1TUojg
방송대 지식+,UCtQYhzJWFai1y30UIA3uwYQ
방송통신대&방송대학TV,UCtQYhzJWFai1y30UIA3uwYQ
방송통신대학교&방송대학TV,UCtQYhzJWFai1y30UIA3uwYQ
체인지 그라운드,UCtfGLmp6xMwvPoYpI-A5Kdg
체인지그라운드,UCtfGLmp6xMwvPoYpI-A5Kdg
NCT Dream - Topic,UCuKdaTsJ9Jv94hVV_I9aRxQ
NCT DREAM - Topic,UCuKdaTsJ9Jv94hVV_I9aRxQ
어썸 스토리 Awesome STORY,UCudezj2i6R94QOPqGJhbZwg
에이 스토리 A STORY,UCudezj2i6R94QOPqGJhbZwg
율리예스 _ 레게놈,UCvCGySUWvTiklygO4QlXRWQ
율리예스,UCvCGySUWvTiklygO4QlXRWQ
ᄐᄇᄐᄇ TVTV,UCxLc0zV-d2elxan2nc2xRCA
ᄐᄇᄐᄇ,UCxLc0zV-d2elxan2nc2xRCA
M드로메다 스튜디오,UCxQXvvaqwA2NzPXs5775ogw
M드로메다,UCxQXvvaqwA2NzPXs5775ogw
Brave Girls,UCx_kYu6Wp1yxZP_KtrW52EQ
Brave Girls 브레이브걸스,UCx_kYu6Wp1yxZP_KtrW52EQ
OBS독특한연예뉴스,UCytBYTjlE45XxrJ7SxO2igg
E 연예in,UCytBYTjlE45XxrJ7SxO2igg
멜과 진돗개 봉순MelBong,UCz0F9ndJTA0eL2XyL5R8YNg
멜과 진돗개 봉순 MelBong,UCz0F9ndJTA0eL2XyL5R8YNg
뭉땡뭉땡,UCzay0uHEiaSsKmuGkCg-mSg
뭉땡 뭉땡,UCzay0uHEiaSsKmuGkCg-mSg
